Lorem ipsum dolor sit amet, consectetur adipiscing elit. Vivamus vitae elit elit. Fusce eget turpis nec magna interdum vulputate vel vitae metus. Vestibulum ante ipsum primis in faucibus orci luctus et ultrices posuere cubilia curae; Aliquam et semper enim, viverra auctor purus. Maecenas lacinia, ligula nec lobortis efficitur, magna diam aliquet sem, eget pellentesque ante turpis eu risus. Pellentesque fermentum nulla vitae sapien porta, non pharetra augue bibendum. Aliquam velit eros, pellentesque id dictum quis, blandit quis augue.
Vivamus vel dolor erat. Suspendisse quis turpis ut justo tempus rutrum nec id lectus. In ut ex vel elit lobortis congue ut id ex. Vivamus viverra lacus at commodo dictum. Fusce lacinia eros lorem, eget congue elit pulvinar sed. Curabitur iaculis non risus nec posuere. Nam quis dui aliquet, dignissim sem quis, accumsan eros. Nullam vehicula, libero quis tempor porttitor, leo mauris semper ante, a ultrices augue orci non neque. Cras aliquam dapibus erat, eu luctus velit faucibus volutpat. Vestibulum non consequat nunc, eget consectetur risus. Cras nisl metus, lobortis a vestibulum non, dapibus ut justo. Donec velit orci, blandit vitae elit ac, bibendum ornare lorem. Maecenas tortor felis, dictum eget porttitor ac, volutpat consequat dolor. Mauris pulvinar commodo massa. Morbi vel augue velit. Nam vel tellus euismod, bibendum lorem vel, lacinia leo.
Cras id nunc at mauris suscipit consequat non eu tortor. Vestibulum in lacus sit amet tellus venenatis auctor id commodo felis. Curabitur non tellus vel elit efficitur imperdiet non vel risus. Pellentesque tempor pulvinar massa, in tristique dui molestie id. Morbi tincidunt turpis dapibus nulla sodales pulvinar. Duis elementum mattis molestie. Suspendisse ac arcu quam. Mauris et felis nec tortor interdum molestie. Quisque porta, risus porttitor luctus molestie, erat ipsum gravida ligula, fringilla pulvinar magna ex nec nunc. Nunc mattis pellentesque faucibus. Nulla elementum sem sit amet purus eleifend molestie. Sed tempus rhoncus libero eu scelerisque. Integer scelerisque sit amet tellus ac facilisis. Nunc a tortor dui.
Duis et ante venenatis, aliquet diam a, rutrum erat. Nam vestibulum commodo purus nec elementum. Maecenas convallis pretium tellus, ac volutpat leo laoreet non. Quisque placerat tortor orci, id aliquet tellus suscipit non. Ut elementum ullamcorper dolor ut consequat. Nulla sem erat, ultrices et porta at, rutrum sit amet dui. Proin efficitur sodales augue, euismod viverra enim iaculis vitae. Curabitur tincidunt tellus sed urna aliquet, eu sagittis orci aliquet. Cras hendrerit pharetra lorem ac ultrices. Vestibulum aliquet magna vitae enim faucibus tempor. Quisque imperdiet sapien non nulla dapibus fermentum. Cras maximus faucibus tempus. Pellentesque habitant morbi tristique senectus et netus et malesuada fames ac turpis egestas. Integer porta quis dui at ultrices. Curabitur gravida odio ex, in dignissim quam maximus non.
Quisque eget quam non mauris sollicitudin consequat sed non est. Nunc ultrices mi sed molestie mollis. Nunc sagittis enim lacus, vel placerat purus auctor a. Nulla porttitor egestas odio at auctor. Donec fringilla tortor ex, non egestas sem sagittis sed. Aenean sagittis massa egestas nisl vulputate, non laoreet arcu sagittis. Suspendisse lobortis rhoncus ligula.
Fusce vitae orci dictum odio cursus pulvinar quis a libero. Suspendisse et metus lectus. Phasellus in ex eget neque aliquet iaculis ut scelerisque massa. Sed eleifend blandit dolor a facilisis. Pellentesque sollicitudin at purus vel vulputate. Curabitur placerat ultricies nisi et consequat. Nulla facilisi. Morbi sit amet orci non odio consequat bibendum hendrerit eu magna. Phasellus eleifend neque ante, ut consequat mi aliquam id. Curabitur sollicitudin eu ante sed semper. Pellentesque eu tincidunt purus.
Nullam vestibulum aliquam lectus, vitae feugiat ex suscipit vitae. Ut rutrum, dui a consequat scelerisque, libero dolor sagittis purus, non tincidunt mi risus et enim. Sed ornare porttitor commodo. Maecenas non nunc mattis, feugiat risus eget, porta purus. Phasellus vestibulum sodales metus, id faucibus ligula ultrices quis. Donec pharetra bibendum mi eget suscipit. Nunc nec consectetur lectus. Suspendisse vel posuere tortor, vitae sollicitudin eros. Vivamus nec lectus vitae nunc efficitur dapibus. Duis id sodales dui. Mauris lobortis dui eu elit luctus vestibulum.
Praesent faucibus ligula non lorem semper porta. Donec ut orci non mauris aliquam posuere. Sed nunc felis, feugiat vel sem quis, sagittis sagittis lorem. Nunc accumsan neque vitae eros commodo, vel porta urna feugiat. Nunc rutrum ligula quis metus porta, at posuere odio fringilla. Phasellus id felis euismod, elementum elit nec, placerat metus. Suspendisse ligula urna, rutrum dictum ex vehicula, efficitur cursus leo. Maecenas id sem non mauris condimentum congue vel eget erat. Proin eu nunc tempor, aliquam est eget, pretium libero.
Aliquam egestas a augue at bibendum. Sed fermentum, mi a dignissim interdum, ante ante interdum enim, eu commodo ante nisl ac nisl. Sed eget dolor eu massa auctor blandit. Nulla ullamcorper ultricies ante, quis lacinia nunc tristique eu. Nullam gravida consectetur erat, ac cursus tortor sollicitudin id. Proin a libero tincidunt, vehicula augue non, euismod ante. Aliquam ullamcorper mauris eget erat blandit, ac molestie diam gravida. Sed eget mattis lectus, et tristique felis. Cras lectus massa, posuere nec urna accumsan, rutrum euismod ante. Nulla id aliquam elit, sit amet imperdiet nibh. Donec id pulvinar purus, id imperdiet sapien. Ut ut accumsan magna. Curabitur in ligula id libero venenatis sagittis. Integer dignissim egestas velit id venenatis. Fusce a lorem lacus. In vel ultrices nulla.
Praesent commodo tempor lorem, ut congue enim aliquet placerat. Nam ullamcorper diam at sagittis porta. Ut accumsan magna sed massa sollicitudin porttitor sit amet ut ante. Sed lacinia ex diam, at pellentesque lacus sodales lobortis. Orci varius natoque penatibus et magnis dis parturient montes, nascetur ridiculus mus. Maecenas bibendum accumsan arcu, in efficitur sem consequat a. Phasellus commodo rutrum augue, ut tincidunt ante sagittis fermentum. In ante risus, fermentum sed rutrum eget, euismod dapibus dui. Aliquam erat volutpat. Aliquam erat volutpat. Phasellus ut laoreet ex, eget hendrerit nisi.
Suspendisse non nibh rhoncus, vestibulum neque vitae, consequat augue. Nunc nisi ligula, fringilla a tristique nec, scelerisque in nibh. Curabitur pharetra egestas lectus ac euismod. Morbi scelerisque, ipsum at sodales vulputate, lacus ligula hendrerit diam, maximus luctus arcu risus auctor enim. Quisque tincidunt augue ac sollicitudin posuere. Lorem ipsum dolor sit amet, consectetur adipiscing elit. Sed mollis nulla.